{
  "timestamp": "2026-01-03T03:52:40.616088",
  "python_version": "3.13.7 (main, Aug 14 2025, 11:12:11) [Clang 17.0.0 (clang-1700.0.13.3)]",
  "test_cases_count": 6571,
  "libraries": {
    "qddate": {
      "library": "qddate",
      "total_time": 2.8615010419962346,
      "total_operations": 6571,
      "successful": 22,
      "failed": 6549,
      "errors": 0,
      "success_rate": 0.003348044437680718,
      "mean_time": 0.0004336678674081633,
      "median_time": 4.587500006891787e-05,
      "min_time": 2.910019247792661e-07,
      "max_time": 0.04433283399703214,
      "p95_time": 0.00011402100062696263,
      "p99_time": 0.016896758600341868,
      "throughput": 2296.347232994873
    },
    "dateparser": {
      "library": "dateparser",
      "total_time": 18.73357224999927,
      "total_operations": 6571,
      "successful": 63,
      "failed": 6508,
      "errors": 0,
      "success_rate": 0.009587581798812967,
      "mean_time": 0.0028483156726282783,
      "median_time": 0.0025642500040703453,
      "min_time": 0.0003265409977757372,
      "max_time": 0.5403344579972327,
      "p95_time": 0.0036839790009253193,
      "p99_time": 0.005570575100136921,
      "throughput": 350.7606511086136
    },
    "dateutil": {
      "library": "dateutil",
      "total_time": 0.04020416700222995,
      "total_operations": 6571,
      "successful": 11,
      "failed": 6560,
      "errors": 6560,
      "success_rate": 0.001674022218840359,
      "mean_time": 2.0715872660900627e-08,
      "median_time": 0.0,
      "min_time": 0.0,
      "max_time": 2.0500003302004188e-05,
      "p95_time": 0.0,
      "p99_time": 0.0,
      "throughput": 163440.76970020385
    },
    "arrow": {
      "library": "arrow",
      "total_time": 0.13017254100122955,
      "total_operations": 6571,
      "successful": 2,
      "failed": 6569,
      "errors": 6569,
      "success_rate": 0.00030436767615279255,
      "mean_time": 2.0303910177497536e-08,
      "median_time": 0.0,
      "min_time": 0.0,
      "max_time": 7.17919974704273e-05,
      "p95_time": 0.0,
      "p99_time": 0.0,
      "throughput": 50479.155968369196
    },
    "pendulum": {
      "library": "pendulum",
      "total_time": 0.017411375003575813,
      "total_operations": 6571,
      "successful": 2,
      "failed": 6569,
      "errors": 6569,
      "success_rate": 0.00030436767615279255,
      "mean_time": 5.713132632225343e-09,
      "median_time": 0.0,
      "min_time": 0.0,
      "max_time": 2.1915999241173267e-05,
      "p95_time": 0.0,
      "p99_time": 0.0,
      "throughput": 377396.9602429733
    }
  }
}